second_level_domain,top_level_domain,reason,timestamp
aa6,com,NXDOMAIN/Timeout,2025-09-26 12:23:11
ad9,com,NXDOMAIN/Timeout,2025-09-26 12:23:12
adq,com,NXDOMAIN/Timeout,2025-09-26 12:23:12
acq,com,NXDOMAIN/Timeout,2025-09-26 12:23:12
ada,com,NXDOMAIN/Timeout,2025-09-26 12:23:12
ad3,com,NXDOMAIN/Timeout,2025-09-26 12:23:12
abn,com,NXDOMAIN/Timeout,2025-09-26 12:23:12
aft,com,NXDOMAIN/Timeout,2025-09-26 12:23:12
ae1,com,NXDOMAIN/Timeout,2025-09-26 12:23:13
ahl,com,NXDOMAIN/Timeout,2025-09-26 12:23:14
ac5,com,NXDOMAIN/Timeout,2025-09-26 12:23:14
afj,com,NXDOMAIN/Timeout,2025-09-26 12:23:14
af5,com,NXDOMAIN/Timeout,2025-09-26 12:23:15
af3,com,NXDOMAIN/Timeout,2025-09-26 12:23:15
abs,com,NXDOMAIN/Timeout,2025-09-26 12:23:15
ac6,com,NXDOMAIN/Timeout,2025-09-26 12:23:15
af2,com,NXDOMAIN/Timeout,2025-09-26 12:23:15
afp,com,NXDOMAIN/Timeout,2025-09-26 12:23:15
act,com,NXDOMAIN/Timeout,2025-09-26 12:23:15
aah,com,NXDOMAIN/Timeout,2025-09-26 12:23:15
afx,com,NXDOMAIN/Timeout,2025-09-26 12:23:15
afc,com,NXDOMAIN/Timeout,2025-09-26 12:23:16
aa1,com,NXDOMAIN/Timeout,2025-09-26 12:23:16
abt,com,NXDOMAIN/Timeout,2025-09-26 12:23:16
afi,com,NXDOMAIN/Timeout,2025-09-26 12:23:16
adz,com,NXDOMAIN/Timeout,2025-09-26 12:23:16
acd,com,NXDOMAIN/Timeout,2025-09-26 12:23:16
aii,com,NXDOMAIN/Timeout,2025-09-26 12:23:17
ag3,com,NXDOMAIN/Timeout,2025-09-26 12:23:18
aho,com,NXDOMAIN/Timeout,2025-09-26 12:23:18
ahc,com,NXDOMAIN/Timeout,2025-09-26 12:23:18
adk,com,NXDOMAIN/Timeout,2025-09-26 12:23:18
air,com,NXDOMAIN/Timeout,2025-09-26 12:23:18
ahw,com,NXDOMAIN/Timeout,2025-09-26 12:23:19
aby,com,NXDOMAIN/Timeout,2025-09-26 12:23:19
aiu,com,NXDOMAIN/Timeout,2025-09-26 12:23:19
ah9,com,NXDOMAIN/Timeout,2025-09-26 12:23:20
aio,com,NXDOMAIN/Timeout,2025-09-26 12:23:20
ahh,com,NXDOMAIN/Timeout,2025-09-26 12:23:21
af0,com,NXDOMAIN/Timeout,2025-09-26 12:23:22
ai7,com,NXDOMAIN/Timeout,2025-09-26 12:23:22
akp,com,NXDOMAIN/Timeout,2025-09-26 12:23:22
alp,com,NXDOMAIN/Timeout,2025-09-26 12:23:46
ake,com,NXDOMAIN/Timeout,2025-09-26 12:23:46
ak7,com,NXDOMAIN/Timeout,2025-09-26 12:23:46
aj8,com,NXDOMAIN/Timeout,2025-09-26 12:23:46
akn,com,NXDOMAIN/Timeout,2025-09-26 12:23:46
am6,com,NXDOMAIN/Timeout,2025-09-26 12:23:46
al4,com,NXDOMAIN/Timeout,2025-09-26 12:23:46
aml,com,NXDOMAIN/Timeout,2025-09-26 12:23:46
am5,com,NXDOMAIN/Timeout,2025-09-26 12:23:46
akw,com,NXDOMAIN/Timeout,2025-09-26 12:23:47
akm,com,NXDOMAIN/Timeout,2025-09-26 12:23:47
aay,com,NXDOMAIN/Timeout,2025-09-26 12:23:47
ajd,com,NXDOMAIN/Timeout,2025-09-26 12:23:48
ai0,com,NXDOMAIN/Timeout,2025-09-26 12:23:48
ai3,com,NXDOMAIN/Timeout,2025-09-26 12:23:49
aln,com,NXDOMAIN/Timeout,2025-09-26 12:23:50
ajw,com,NXDOMAIN/Timeout,2025-09-26 12:23:50
am3,com,NXDOMAIN/Timeout,2025-09-26 12:23:50
amv,com,NXDOMAIN/Timeout,2025-09-26 12:23:50
ano,com,NXDOMAIN/Timeout,2025-09-26 12:23:51
amg,com,NXDOMAIN/Timeout,2025-09-26 12:23:51
aka,com,NXDOMAIN/Timeout,2025-09-26 12:23:51
ain,com,NXDOMAIN/Timeout,2025-09-26 12:23:52
ai6,com,NXDOMAIN/Timeout,2025-09-26 12:23:53
ank,com,NXDOMAIN/Timeout,2025-09-26 12:23:54
anz,com,NXDOMAIN/Timeout,2025-09-26 12:23:54
an7,com,NXDOMAIN/Timeout,2025-09-26 12:23:55
ai9,com,NXDOMAIN/Timeout,2025-09-26 12:23:55
ai8,com,NXDOMAIN/Timeout,2025-09-26 12:23:55
akd,com,NXDOMAIN/Timeout,2025-09-26 12:23:55
aj5,com,NXDOMAIN/Timeout,2025-09-26 12:23:55
aoc,com,NXDOMAIN/Timeout,2025-09-26 12:23:56
ae0,com,NXDOMAIN/Timeout,2025-09-26 12:23:56
ajz,com,NXDOMAIN/Timeout,2025-09-26 12:23:57
ak1,com,NXDOMAIN/Timeout,2025-09-26 12:23:57
aky,com,NXDOMAIN/Timeout,2025-09-26 12:23:58
ans,com,NXDOMAIN/Timeout,2025-09-26 12:23:58
aou,com,NXDOMAIN/Timeout,2025-09-26 12:23:59
ao6,com,NXDOMAIN/Timeout,2025-09-26 12:23:59
am2,com,NXDOMAIN/Timeout,2025-09-26 12:24:01
ajh,com,NXDOMAIN/Timeout,2025-09-26 12:24:02
any,com,NXDOMAIN/Timeout,2025-09-26 12:24:02
ao3,com,NXDOMAIN/Timeout,2025-09-26 12:24:02
apu,com,NXDOMAIN/Timeout,2025-09-26 12:24:02
amo,com,NXDOMAIN/Timeout,2025-09-26 12:24:03
ao5,com,NXDOMAIN/Timeout,2025-09-26 12:24:03
apn,com,NXDOMAIN/Timeout,2025-09-26 12:24:04
ao7,com,NXDOMAIN/Timeout,2025-09-26 12:24:04
aoy,com,NXDOMAIN/Timeout,2025-09-26 12:24:06
arb,com,NXDOMAIN/Timeout,2025-09-26 12:24:06
apt,com,NXDOMAIN/Timeout,2025-09-26 12:24:06
aqw,com,NXDOMAIN/Timeout,2025-09-26 12:24:06
an9,com,NXDOMAIN/Timeout,2025-09-26 12:24:07
aoq,com,NXDOMAIN/Timeout,2025-09-26 12:24:07
api,com,NXDOMAIN/Timeout,2025-09-26 12:24:07
apo,com,NXDOMAIN/Timeout,2025-09-26 12:24:07
ap1,com,NXDOMAIN/Timeout,2025-09-26 12:24:08
ark,com,NXDOMAIN/Timeout,2025-09-26 12:24:08
